Site ID;Location;Year;Concentration ugm-3;Count;Easting;Northing;geo_point_2d
254;Merchants Road Hotwells;2020;31.066409166666663;12;357118;172429;51.4492127707,-2.61847195493
155;Jacobs Wells Road South;2020;22.92399386363636;11;357838;172713;51.4518204398,-2.60814556239
154;Hotwells Road;2020;22.09589875;12;357601;172483;51.4497347571,-2.61152839195
